"","Y","X1","X2","Z1","Z2"
"1",-15.5967970246697,-1.85610538828197,-0.75940435635079,-0.980130272706786,2.13343399739632
"2",-2.79356594953449,0.189545812579814,-0.521745182935557,-0.733750304317515,1.0698445568452
"3",-1.74959486745666,-0.401044544911805,-0.823625662813175,-3.30611147207542,1.23241721735008
"4",-8.62224458730032,-0.090003723387359,1.70836453443726,0.491988962539807,-0.666890904992454
"5",-4.40498774800083,1.148196914143,0.0268515270547395,-1.96476739282836,-1.48845664127863
"6",7.07798039183646,0.566921091796218,0.294634818563804,-0.23374191223871,0.913789756920714
"7",-6.03990259513867,-1.67771472296459,-0.529217356277141,1.23178374961579,-2.26946576754398
"8",-13.8583389674759,-1.53656926126991,-0.545159993468971,0.562780815114158,-0.190658308795132
"9",-21.8564503338042,1.62057554206329,1.72742954680899,-3.27574440316558,-0.38987106912175
"10",-2.36678132709145,-1.92608729461041,0.532492225360456,1.76131698045002,-2.53871167286347
"11",0.65802001428584,0.955467980931131,0.89856674018272,1.46094642019601,-0.380187160884995
"12",2.32145008368067,-0.311170788038651,1.21334693581527,2.77110455381924,-2.76017191928109
"13",-3.05120263780763,0.424271064218928,0.546794582344582,-3.03712441543164,2.69086582256996
"14",-9.18388626713034,-1.13808054396973,0.996184474123698,1.37595835502392,-1.95113951001248
"15",0.177005864952191,-0.108014724298235,0.669557826127776,-0.98912326122054,0.0462357113846462
"16",3.11241944537542,0.298781556706654,0.0175736405946437,-0.478533556094153,0.181806009163084
"17",-4.13090674948915,-0.528987184103514,0.246472575931403,0.672435939286494,1.87087444274433
"18",3.0853572785398,0.197448869682174,1.56112058965954,2.51362229510803,0.340871372036714
"19",4.81289647034508,1.07619595000991,-0.418009697197422,-0.957208798202238,2.74059634686627
"20",4.99454085694542,-2.02106565656667,0.545151695115951,-1.64646084791054,0.735091696593489
"21",-0.0682547201629755,0.552631458933018,1.16965841211145,-0.362053072266917,-0.812033747529856
"22",3.36532674615449,0.183107519248965,0.641246641341427,0.895020579857058,0.291811583224669
"23",-6.28918829064045,-1.75554282624022,0.814646846773323,-0.613364252531418,0.903257421619673
"24",-1.05034093501165,-0.767601191543027,-0.3262765931818,1.96401156170241,0.0393100876256422
"25",-11.8415319005032,1.14078165801649,0.305796278939239,-2.99859299853274,-2.22476937218859
"26",7.60428062990951,0.980211974765618,-0.315850156997439,0.164431170482112,2.45370179549415
"27",-8.03750912772695,-0.369710957564778,-0.706325582193112,-0.176933350552205,1.94156576694611
"28",-5.91498019838218,-0.546795129899403,0.423773422792188,1.10265564719495,-0.793953005190885
"29",-15.4135711809258,2.01117450896928,-0.981432395306877,-2.70534409109742,-0.467334283774804
"30",-2.973803298999,0.173475181452006,0.515009075290101,1.70895386875831,-0.722625176687999
"31",-10.1021598883669,1.05546306635369,-1.16697707372394,-1.91693003379929,2.13738655626916
"32",-5.88984772654296,-0.580361823274238,-0.0244859035747162,0.226925159307165,0.621706505985177
"33",2.67687415575961,0.383643308283144,-0.0876928125182759,-0.516815872635621,0.625747529422832
"34",1.67156143878142,0.22675598957901,-0.0104921872157594,-0.168607789907141,-1.70328312567966
"35",-12.7252109366785,-0.486990552290757,-0.990523677649839,-0.394960985378398,1.13628856540924
"36",0.164198350753453,-0.0253398671041404,0.142013129701157,0.851160177775395,0.516963631204367
"37",15.2991498242536,0.225478683010271,-2.3703175756996,0.577464541309229,-0.849381898976149
"38",-7.70221673009915,-0.757212075454251,-0.175604010786097,0.507393308281447,0.76988018010384
"39",-3.06145497809177,-0.465247198864842,0.0364761951463292,0.296148093101744,-0.985509559719682
"40",-13.7786243644254,-1.15988369541585,-1.12351698958206,0.155549886935145,0.165308284143403
"41",-1.78573442512553,-0.010322781956121,-0.228493309854177,-0.236257227325026,0.672570132266149
"42",-2.61173069539295,-0.520336341191768,0.0727542180006794,0.832138456433688,-0.194244329126352
"43",-11.6113560202617,-1.34853791851756,0.613196585155188,-0.89369874094437,-1.90698637560602
"44",1.53263603778639,0.304478789152117,-0.665108736505146,0.572663556642247,0.302106888140968
"45",-3.57824512192009,0.537732547477815,0.758567147743025,1.23898755708702,-1.71064434205158
"46",-7.37899246897511,1.0495682764314,0.0311772684976335,-2.42606291780475,-0.386419828480482
"47",-1.28394955826426,-0.447945491207423,0.215346677675002,-0.455050700558696,1.29567748268465
"48",-7.30677249840464,-1.25657730162592,-1.09760680571013,0.304508590506342,-0.636218083844417
"49",0.186514591019947,0.288577518215572,0.504717277576254,0.320531762644322,-1.01700692751266
"50",-4.46766048312312,-0.235635414177585,0.507905801273306,0.66890435719545,-0.483940526534954
"51",-2.17447140606947,-0.199580024076075,0.501928650997767,-0.840635946606776,0.00198459238148605
"52",11.7090937053917,0.260826159055029,-1.59019914835198,0.651838224343318,-1.62833951204277
"53",7.81206922247725,0.929319120200681,-0.87216388861456,1.32586061585703,-0.650695351511651
"54",14.1918769289792,0.925263190538466,1.02933635446587,0.367627956276254,1.10991893225874
"55",-9.30317579956217,-0.725544140722783,1.40647441288601,0.346505554337943,3.01445601082844
"56",1.2897064461937,0.29678226925048,-0.729938243372616,0.164235867355718,-2.66992247195469
"57",-1.84498576742873,-0.227782188571814,0.0645385137100758,-0.26095140902016,-0.0115640092853882
"58",-7.01197785097512,0.452970370652219,-0.552029129881478,2.74434096343269,1.06790520107755
"59",5.65935616793082,-1.39664127516368,0.471816941094688,-1.96171027914163,0.331133922330408
"60",5.6127497879544,-0.0553269483552347,0.86756232743073,0.450683834071033,1.23782256838195
"61",-4.49865020833368,-0.624574646849152,0.0642203812795987,1.00214591342753,-1.85024017693733
"62",-5.92828134046229,-1.07445402781652,-0.0604155630604416,-0.900604048423713,-0.743078655508074
"63",9.93257781860873,0.350453399219913,1.49604972320261,1.25536223668552,2.21869299395394
"64",4.07445369973048,0.469327870992649,0.109909415366553,1.18080728628857,1.00428685877377
"65",0.470784018055035,-1.76305099302088,1.17341146416344,1.11655839218579,1.60784093893176
"66",-2.24406076159699,0.995475576486761,1.50032238065263,1.10272727589623,-0.962978625007424
"67",-6.37420296953866,-0.450959250003231,0.908744786557544,-0.0944694114196294,-2.08560412841319
"68",19.2542306089913,0.928550691451949,2.01126081026404,-0.964352317463777,1.86533819447634
"69",15.4522781227818,1.79676363656824,-0.110915317403971,-0.144921632642355,0.107897727020773
"70",-1.82059398820576,-0.067138641554673,-0.193740897166684,1.25576898957671,1.20440307556407
"71",-2.62014706761377,-0.096435884441881,0.776567688628156,2.38323997266178,-2.14403298142091
"72",4.26196249457875,-0.285907385265308,1.02748651979327,-1.415926462553,0.535362418801922
"73",8.21278701569965,0.707714113328949,1.02212359995136,2.03485367117056,1.48196841880037
"74",-10.6795984661241,-0.835281346478281,-0.531891064762276,0.700166617414489,1.92652172484437
"75",3.41250654375503,0.429921976498934,-0.0144664015375759,-0.7851525201334,0.25298929815153
"76",-14.6983673526681,-1.80150289195065,0.505212897374,1.05169858168179,-1.73415845798264
"77",-8.53758266800917,-0.431776888792728,-0.484911082477847,0.246668018098733,0.981518991150382
"78",-2.5952561069987,0.444531002428783,1.51356849577132,-0.486457494518929,-2.16000538144635
"79",-7.42281781664801,-0.325303004553089,1.09699503587769,-0.347396821338479,-0.598187398774518
"80",-0.818469547427968,1.48197790648711,-0.189137384296522,2.49134928522903,-1.73675676167322
"81",-10.2824337172775,0.123554467972875,-1.52242873827635,-3.27123765725936,1.07259786349227
"82",7.06798804277749,-1.76287498016565,-1.48046517323969,2.33772769179364,3.07460771869241
"83",-2.117232923332,-0.125940788147586,0.9444095097625,0.119155715344807,-2.44491411270707
"84",-2.40809478930016,-0.969397590938733,0.516400448789597,-1.66980785825379,-0.977078762577715
"85",-1.99887470354359,1.70363058004493,-0.324547121026523,1.8368085002191,1.98090775939461
"86",12.183262173027,2.20996320910865,0.899529029889948,-0.495928300702901,-1.48228163699453
"87",-12.5545232072136,1.20767509119827,-1.2060228157261,-2.33473220716252,0.471958820820543
"88",-1.76234075433624,0.13782296726003,-0.57934611491612,-0.351248651374602,2.4483162395057
"89",-2.61891924803085,-1.24245892180335,-0.176043569484608,1.51083080325931,-2.32213833541359
"90",0.140978399322773,-0.238540828925477,-0.17717090688564,1.79180883570013,2.8040255934332
"91",-8.32265321207506,0.304625474567799,1.34013659540468,2.0758492647425,3.31281773686234
"92",-10.1273043738118,-0.292169253726237,1.26766501355588,-0.590584921039138,-0.94574608362794
"93",1.41180694356662,0.803771116291853,0.24355939526764,-1.62792229509329,2.51842585924591
"94",-4.89801622984187,-0.278274233226569,0.525246868099222,2.07851412883568,-1.54003786676984
"95",-4.47688894901752,1.33805084764546,-0.447929496863903,-4.54122440795049,-0.497747912997276
"96",0.325841880439383,0.896883127670904,-0.470531487924087,1.32680495273465,2.14282239466828
"97",-23.4930744893026,-1.79621677156394,-1.36609811566591,-0.28004710845725,2.39132999282604
"98",3.49241141094439,0.335629786393521,-1.74771200760341,2.95584690635168,-2.29453990042047
"99",-3.12093630480376,-0.846761979822901,1.18252180104595,0.0704779887521334,0.672753234896828
"100",-27.7495015092099,-1.81084766911726,-1.85536353645136,-0.596802950262382,1.74624220001841
"101",-4.97384854939202,-0.291685586528103,-0.4156210663587,0.517645696272059,1.45869541120717
"102",8.98544740587544,-0.780396773087505,1.73183493245126,1.39018348976012,2.00294619650351
"103",-4.68389479365572,-1.14545748813277,1.12338222215182,-0.760205409190272,0.26504912460238
"104",-11.5015010360158,-1.00042905795119,0.277959463874284,-0.035043181181135,-1.36002721874992
"105",5.52075186854683,-0.135106847192623,0.978952153413275,0.358942656548599,0.89891402147708
"106",13.8736912629173,-0.775145105806173,0.789870948196854,-2.74947097748579,1.27739096290142
"107",9.82813679455581,1.38151014734524,0.298434732581189,0.972320907205763,0.62400463790553
"108",-14.9205795472188,-1.0090455500807,-0.743710135186098,-0.424107141297392,1.55027924690859
"109",8.41697702868279,1.15646115952097,0.645747940572093,1.23332699295152,0.555273835991476
"110",2.20008966170972,-0.126928943294921,1.002443273249,0.326810321841151,0.407076514518968
"111",-1.48136158003622,-0.957315460039008,-0.0755126172398069,1.57116753419808,-0.439593236699504
"112",-8.21279951567167,-0.0262922625142604,-1.40303014764792,-3.37375264231384,0.710746083491605
"113",-18.1974845333062,1.49474558873332,-1.68854635794635,-3.09142545330884,-2.80891752301883
"114",-11.7285697290572,-0.902914843573548,-0.408083833071357,0.157586067061651,0.989423564355517
"115",6.04783776579231,0.89808697699592,0.578605584287148,0.483762744995011,-0.515455165464962
"116",-7.8526436627626,-0.220036543117431,-1.68756450585596,1.41674661905833,0.568936292899055
"117",3.10269472733294,0.222121061579465,-0.34749127602851,0.604606222841327,-1.93581361079441
"118",-14.94661663722,-1.1328085887675,-0.825697365553119,0.51976375248084,1.71255762938675
"119",-7.41370600740263,-1.14889061359472,-0.352806989372983,1.1624908463959,2.47698431982
"120",-1.79685057133451,0.96951694728095,0.278448701136827,1.84743465328851,-1.85189817078927
"121",4.45116893819166,0.431129143334328,0.832236830876324,2.27957184526127,0.924920848553057
"122",8.73117913912412,1.42370871920571,0.219785388123664,-0.701469810758821,-1.32061387393891
"123",2.59642433313517,0.5073793373126,0.0995496271823909,-1.21241180275435,0.706556730206963
"124",-18.4865257257759,-1.19070509866822,-1.45242550671194,-0.728357376744934,1.26519727962557
"125",4.19668773933824,-1.61707672539271,-0.463066468704971,2.36335899893008,-0.282994205898662
"126",50.42388445354,0.439034510994053,1.44287035572894,1.94835549319825,-5.10978941682752
"127",7.13694960953311,-0.578271171654427,-0.242489219825487,-3.57156627645053,-1.21307420271206
"128",7.47437971532349,0.75327541878356,0.509775772079916,1.13823913455666,1.00940392752445
"129",4.08415737118164,0.520208654647037,0.0960017107549458,-0.868351079476995,-1.35217669758585
"130",12.0276831000387,-0.558911993975295,1.58629929603291,2.08867118865294,1.66576177448556
"131",-1.54995013000636,-1.09203218437871,-0.533070919854821,-1.07537993195564,-2.01105801695385
"132",13.967196295028,1.09310180436567,1.39504293236452,1.440316921386,1.09830306051631
"133",-0.105303374765643,0.191863385983628,0.00842656829625775,-1.59163249421004,-0.558924573817078
"134",9.34675734469382,-1.39248210821638,0.904994970676879,2.24792120787232,1.1375507933057
"135",-1.19124055182322,-0.553313877662496,0.474071359107225,2.10309304881529,-2.11528873174131
"136",9.30114485534368,0.814104241092063,0.471918030042363,-0.555944345669205,0.736639974084308
"137",-6.74463648906957,-0.883919015387933,-0.147980146232011,0.612146530752065,-0.143253774559663
"138",-3.90763576287135,-0.851321564521988,-0.444580200713294,0.415008080859793,-1.71453478947166
"139",-6.46119868491827,-0.455082529977327,-0.577333627048893,1.12334828919292,1.8460620998801
"140",9.28815826531532,1.54739360256022,-0.894141052448292,0.0521137276477048,0.918054395234248
"141",12.4999710919908,0.374961179815361,-1.85401540221541,-0.912560766020398,-0.726919667201059
"142",9.95152868589552,-1.175356310564,-0.423899680357371,-3.15956036758838,2.31204064498001
"143",-6.17907293822417,0.955843400291063,2.05288678074589,-0.613379696335364,-1.76253580885846
"144",-7.43187029035332,2.14645457978694,0.377091755597783,-1.79866817648848,-1.6144868020981
"145",-3.23197746585402,-0.623973847178979,0.543630259164898,1.18771004919964,0.080797181983881
"146",2.3574309871008,0.322483275709264,-0.725399904415131,-0.0906792123531189,0.0765504411310157
"147",3.51797735020202,1.5010583771015,1.08674067075378,1.20109329466228,-0.761776656958444
"148",2.52236111884352,0.468609443557865,-0.0673136941465188,-0.830521926227991,-1.46313503278258
"149",10.7772200234784,0.82745267212402,-1.66447295773648,1.8024976633873,-1.27815186112185
"150",-5.73054303573704,-1.31672201806734,-0.267846217972494,-1.29113829578644,0.671797369463195
"151",0.327007181241775,-0.517106082771095,-0.624526359398647,-0.320026050976549,-1.0631725629194
"152",1.71626308341201,0.332972723749666,0.150078918541934,1.68907379668159,0.746196720634013
"153",-0.458296394527899,-1.12825118687638,-0.371583909740606,-1.16205997528817,-0.928444608835772
"154",11.2980848894609,0.276767895250903,1.58733183313536,1.86171368762678,0.999340736374127
"155",-1.46751394666761,-1.31264130428226,-0.482279723683765,1.5822619283308,-0.403801978784018
"156",9.73928486889052,0.313979117423786,1.3246918829539,2.039528899598,1.56063994228006
"157",2.53983409026627,-1.30142981965586,0.168424892724202,2.46545300566062,-0.894336079795575
"158",0.878837262285282,0.329665299890016,-0.41401488826658,-0.473108382063354,2.35778430176948
"159",-3.76428511845348,0.697657592963078,-0.941854398897783,-1.51776777790325,0.544155416641701
"160",6.59880225833154,0.560160819579885,-0.143599866015917,-0.0986259787427262,-2.42560190097842
"161",-22.1299044634335,-1.26403751867595,2.00286780033883,-0.00374610061874957,-0.834325020524291
"162",12.5059023905517,0.512022554935878,-1.21206749555638,0.475677118953414,-1.86363008009781
"163",-10.1656700405173,-0.664266284088498,-1.06638482259334,1.75013555923398,1.46974880994817
"164",1.73722677352565,0.329428128450899,0.568845753024026,-2.76771848435837,1.38213376391341
"165",5.81430154581258,0.510876021435341,-0.349826110909904,1.10921589337116,-1.9194718200636
"166",22.2427556731417,-1.80772385239969,0.792703770844519,-2.91488384090597,2.28280141777106
"167",-7.37726284816776,-0.660582999614222,0.410103452474753,0.0821705286871387,0.0922720263920973
"168",6.51169140819748,0.384215812024775,-0.810112792456443,0.830171104366773,-2.14261406094992
"169",-11.6348741402345,-0.861699216085672,2.49797582300131,0.810735013435672,-0.302167606503359
"170",8.79049013198339,-0.479599723059981,2.09555461493618,0.241764881624319,2.00515027180217
"171",10.3787648592945,1.28918179057845,-0.171314863288328,-0.409028188997771,1.87647657960775
"172",3.24348605596568,1.20772497174205,-0.0793188271780241,-1.26526992493927,0.499907228713637
"173",1.85135179642901,-1.50273044468168,-0.784140347292347,-1.7917180138944,-0.0285068869964943
"174",-6.16476282777796,0.443973211783116,-1.90897252678138,-1.04705772160587,0.52851532456349
"175",4.37227199424538,-1.01530719215433,-0.284837427449579,2.33012509194521,-1.48677795399275
"176",8.44096543074994,1.25893672760528,-0.390352554103487,0.858179781060508,-0.0303825502053228
"177",-9.03089738645979,0.837189995108051,1.59813754480032,1.72481236417311,-1.83205292425985
"178",8.57464059267097,-0.545612223641853,2.58364101744632,2.20831778698463,0.422064734066658
"179",-2.62759944097303,1.31437556720422,-1.9988146819246,-0.0672896913662859,1.5057917467247
"180",-3.66927788158039,0.547250275890788,-0.320665706456866,-2.00839843106774,2.63901529006737
"181",13.8159964510609,0.745734424211163,-1.10382892171085,0.0237272379075751,-0.70318799775296
"182",-0.0539200293682561,0.108769750119801,0.0863733358816123,0.311915096156305,-1.55614270896265
"183",2.93020922000662,1.20472000394564,-0.685809717778451,-0.932056467227893,0.692695370084079
"184",-5.92480059798391,0.331388211241485,-0.747760405193095,-2.85438777702488,0.548989936399762
"185",5.51762135430925,-0.553152602685404,0.438168345966957,2.49930732617259,1.6969205032164
"186",8.91531206054688,0.978635811186522,-0.0421166969758848,0.163789187685067,2.49633398381365
"187",-10.8078406778419,-0.952001360593844,0.899141145553789,0.766418296290975,-0.566086766943457
"188",18.3690064877242,1.10332960952249,1.17368978458994,0.198079251302953,1.1544206618612
"189",7.86915388722332,0.301140096915084,-0.751305220807879,-0.392331808530035,-1.38481831589597
"190",-9.15588151464144,0.247074596938345,1.36338884400718,1.54356968797054,-1.70395017001571
"191",0.0264339402939406,-0.392433025617263,0.0411196473233096,1.28829731719959,0.203808461484211
"192",-0.919987182683459,-0.165933689806443,0.297820496383722,-1.66630462671128,-2.07113713350408
"193",-33.178555209681,-1.26446464704563,3.03365160357867,-0.0220026537595221,-1.13776134449139
"194",15.2256078468146,1.41668412832807,0.395510710515455,0.333735958804226,0.608034377030377
"195",0.63966558134713,-0.112272840373847,0.330758446097526,0.787321844979358,0.755119312930879
"196",5.56906452411425,0.215230960739524,-0.925506200689463,0.724340575225752,-0.556859924411218
"197",-2.90659654273052,-0.189168664046133,0.0773336645800543,-0.295994033790561,0.905841135251582
"198",-1.9920352073689,-0.18377241435771,0.392876741305465,-1.10798608031078,-1.22531947178812
"199",0.812724844096084,-0.366921977932774,-1.02717994366031,-1.14726166917532,-0.195350357532434
"200",3.67185637213173,-1.15713480361577,-0.425792512512548,-1.66258964667679,-0.696727331449739
"201",5.09031181729324,0.252697503788049,-1.06723330403933,0.243094263571513,-2.286078203729
"202",0.718344893341187,0.298290432785065,0.152668438908713,-1.75893151944547,2.27441650243383
"203",-0.117164955330591,0.527646805794514,-0.299011156693442,-0.984745036143159,0.80580693422126
"204",-6.69000518782875,0.269030118967896,-0.471817889759145,-2.74656119019507,0.841080985839884
"205",-3.6188078722572,0.465410563028788,-0.987862426872746,1.12975634098307,1.98962411306201
"206",-4.0867052590368,-0.11791642415722,0.970154944489988,2.00992195174783,-2.18357624482597
"207",6.0012681636645,0.526619021704178,-1.10418611514156,-1.95735100519296,-1.64047321589282
"208",8.41814884153773,0.71390441761921,1.07549629284923,-0.747418692889214,0.62117406909415
"209",11.5914682339612,1.12207516548462,0.369938078564658,-0.559554524511521,1.20445243222769
"210",-9.60481036879819,-0.216722101896003,1.63051097701797,-1.60379817507834,-1.35577522316141
"211",3.89375052811402,0.462815351423696,0.611385601076241,-0.64891259977961,0.00599540586990549
"212",-2.54692738478473,0.995357745950465,-0.987791974196526,-3.60808459933654,-1.6756994010212
"213",-12.7552066930523,-0.38228179528531,-1.31848227162393,-0.794010705407064,2.04205742026027
"214",-4.45432300089695,-0.70107222217989,-0.378555512168361,0.688171515756768,-0.412318793438499
"215",-1.31372147000482,-0.0111553419193749,0.170240423181726,1.75106576102075,-1.1987267965425
"216",-2.73067644368021,0.755885765327032,0.203691202504705,-2.12050031425908,1.91850135229242
"217",-0.364501768503472,1.11667596552549,-0.972486287507944,-2.24851269732773,-0.793367559933969
"218",12.4809295454813,1.67669604446514,0.210511576937404,0.610195183358923,-0.104546610115519
"219",-3.40098859031528,0.557675092078693,-0.115531608673758,2.4688259931377,1.45612229644426
"220",0.737582378633015,-0.069987483236019,-1.08480242441017,-0.211563843782574,-0.146590909598504
"221",-3.51798128504676,1.11561312718169,-1.42596872377629,-1.39927879524695,0.487909419938859
"222",7.83569417677742,0.997438381380641,-0.018248426158145,0.690348776538161,-0.596893140679024
"223",-3.75500547382768,1.58950933239188,-0.415277711725722,2.48410769075724,0.00842025586049708
"224",10.5171944062389,1.87617108576296,-0.478286671522859,-0.616049425325895,1.79177772228213
"225",8.94309200468285,1.45175452238209,-0.0780741513122517,-0.769584635494128,0.538483292632556
"226",-12.7725440596124,-2.28194713445605,1.65761930927377,-1.35919438185214,-0.8576925784139
"227",-11.8781230829487,0.377670403391545,2.25664826472994,1.79437833563331,-0.714138037809617
"228",-7.18163234236401,0.49479188113622,-1.06825180881624,1.51218556212954,1.55870916235713
"229",-3.02398574231711,-0.65701431916604,-0.313360012458574,-1.04176946587846,-0.03305029251443
"230",-6.14798160297792,-0.419610530712871,0.684041310441167,-2.41664572541583,4.11806699963245
"231",-1.52646650539451,-1.36766624339188,-1.15816010634021,-1.30603173766409,-0.116189808406199
"232",-12.3881573486308,-1.01304930241655,0.434348183251166,3.74025844727047,0.0774996583265144
"233",11.3385752704565,-0.111522027754854,1.93572132384849,0.504852998256716,1.01586714437243
"234",0.189705880525542,-0.00319071613197388,0.561161067781446,-0.29866052986452,2.82654093717722
"235",1.61335795345296,0.125833757804285,-0.324181558479775,1.85619607296352,-0.781335842521551
"236",3.8634631485053,0.0634148934458044,-0.586806490408936,2.67051670322868,-0.582198051926701
"237",0.962202123731693,0.13248293851174,-0.358191418524258,0.814270926435964,-0.167626852752183
"238",2.45554520482601,-0.303843365861565,-0.71585075551333,-0.223966992030119,-1.08872876052175
"239",-2.62571373327403,-1.84771614837478,0.750123671764761,1.77460842960602,-0.300783726031014
"240",8.74200381131933,1.05138376031123,0.000269452780311591,0.0301770909974523,1.90428033811274
"241",-1.42779351619089,-0.220299155310848,-1.5156328613407,0.194150578361603,-0.0399081301598469
"242",3.95700860361895,-0.748577330056965,0.806908565535699,-1.02220323382953,1.45446820074884
"243",0.989258809731533,-0.763295639594164,0.467347873332579,1.51212002326524,0.793859506136843
"244",-3.90496600367874,-0.854956161441566,-0.492847768731696,0.3986777098628,-1.21477740007465
"245",-6.10122613956235,0.0126449240131142,0.907114186736957,0.145436663856009,-1.54874621278005
"246",-6.03674318219883,-0.420086572429113,-1.36040482593218,2.19148544967722,0.747112368500651
"247",19.1635799891423,0.897077023674764,-1.59211151052641,0.283999423177137,-1.09424385469883
"248",10.0715448274713,1.64165362171763,-0.314779726039258,-0.892006243103423,3.14553135472897
"249",-20.9009340013746,-1.05855691272913,1.6318661187893,-0.414982640404752,-1.23802276305058
"250",10.0868427113936,2.05484305642858,0.191586143813287,-1.06774434399082,2.6096605100046
"251",7.43400762661063,0.326122571558665,-1.30724346055083,0.240380267070878,-0.380743905062737
"252",1.35366227319225,0.671016353648662,-0.407865282851528,-0.949451162458612,0.68441781867125
"253",-6.83232262906218,-0.039608230615805,1.04517825147375,1.26052510133787,-1.46280499359172
"254",-9.14918987445579,-0.0847497990086256,1.96974245334216,2.74514324823213,-0.659671242766261
"255",-23.7424165437358,1.51337225061355,-1.23034018146855,-2.38910111935955,-3.38095825569799
"256",-1.338153900676,-0.327426904532967,-0.931925873749992,-0.369911126703531,-2.35543903570583
"257",-9.34847957162774,-1.23965985096383,-0.866614734300169,-0.784959662357944,0.382688338590759
"258",10.0728165560827,0.684346652187801,-1.36728723296394,0.971457580393525,-0.563866677396004
"259",-2.35014146067551,-0.00687838975060428,0.447744179117762,1.63226801772463,3.35901639457857
"260",0.846415192042215,-0.10670278784043,-1.03257225641866,1.13074306012341,-0.273539872878679
"261",-22.2007015358457,-1.92318202035494,0.505998799673791,0.391857706382099,-1.46072219278129
"262",-2.5764975972823,0.0479248896348494,1.03799752710515,0.215882114228971,-0.57764602551601
"263",-5.80120212507499,-0.550366144975721,-0.926719916461774,0.192136899133648,2.81037668549902
"264",-5.80721995294721,-0.614449780732456,-0.564231636824175,0.458596706367133,-2.65002210162894
"265",12.6698475684193,0.504270899467598,-1.38710870170389,-0.473480932544386,-0.701304499496256
"266",-8.55624020220715,-0.964314481199618,-0.266197365426449,-0.742686743340642,0.842727217742431
"267",-3.86389994989432,-0.537260790021136,-0.06326784965353,0.872627322008326,0.437919913548337
"268",-3.59739689329649,-0.0135608841184083,-0.805808821788603,0.341577729700409,2.1171744733736
"269",8.99615478796985,0.745389765355731,-0.767119235607111,-0.920183385279707,-0.881399929595078
"270",-4.73594901643775,-0.412689648579098,-0.768023216150255,1.25113312710611,0.470029841777769
"271",10.0544964390775,1.2824255634916,0.323698840925666,0.45010483599293,-2.16334445781782
"272",2.60107965099419,-0.533441393190761,1.03936079925199,1.15762307677197,2.21307778454874
"273",0.337281445227408,0.320950295281959,0.405474019470846,-0.594252013261824,-1.13338089603987
"274",13.9620215626926,1.4437688413218,0.581687346764791,0.231886906825704,-0.0205381984715432
"275",-0.855843995684228,0.06829433751362,0.413971605980139,-0.158065197448381,-1.10187493170023
"276",3.79526367396183,0.460771971528205,0.173985887330822,-1.04861043960315,1.30352509160982
"277",-2.57740480100933,-0.857195237587877,-0.134969721840326,1.2102310283806,-1.02367921058867
"278",-3.54124684537992,0.58514165591236,-0.741308827390437,2.46896525252103,0.61738121013096
"279",6.33715421799551,0.818248346662248,0.999371359960209,-0.383794821037307,2.93501760103587
"280",8.39782273539628,-0.0300454824604901,1.62058781157713,0.850155483240186,0.806102220001391
"281",-7.6412121964593,-0.603670682257192,0.247596052201086,-0.0739519269897376,-1.30612879256047
"282",18.3085005542219,1.25218079404331,1.13446993929974,-0.22988180331553,1.05422189823757
"283",3.19103582814458,0.489851644118037,-1.15194230158585,-2.90544800613175,-1.07543786830935
"284",-0.422451737082519,-0.0357250035859956,0.0107164289532627,2.07760910035413,-0.868748233431779
"285",7.15716181093572,-1.52253461370969,-0.292533145798519,-2.02068690074085,0.127983826711583
"286",3.82145187520195,0.728684076261551,0.557811189578635,-1.12449651779672,0.219023197052405
"287",16.6052114416551,-0.375788122944627,2.52152418042285,-0.180404299849765,1.47453450427165
"288",1.01935345988419,0.434562591253263,0.480855900080029,0.653237124782845,-1.14151652852053
"289",-5.1435531252129,-1.18089885495807,-0.358474294127121,3.31930822329498,2.53376341452722
"290",7.89724876569941,-0.827695465876199,0.268029967606595,-2.29944729520091,-3.11901458962201
"291",-0.248862181617927,1.04010575127135,-0.762720466609941,-0.905330205218543,1.27416916285146
"292",-3.58091804164425,0.77805973409686,-0.346764744603493,-4.22932866686923,-2.26886934876439
"293",-7.33181834527604,-0.981058706358497,0.0643399808224027,0.530241897845114,2.01412200343728
"294",-4.17905858736499,1.76806821495416,-2.08358361909208,1.19307022437951,-3.08965555411419
"295",6.83524397798805,1.22261909843809,1.1626434502382,0.180893934852197,-0.63002424156779
"296",-5.02076294003886,-0.142392198874315,0.672698382211358,0.892190035935966,-0.891261612789568
"297",-16.1942556424167,-0.952098502498708,-1.29740713106986,0.251761025508512,2.28899574493134
"298",-3.81303466564523,-0.505265224087547,0.278250046626631,0.369042280659512,0.293443903707826
"299",-1.55005880435936,0.845051644246995,-1.71107278153894,-1.90721398210563,-0.196450257463469
"300",0.744627124883192,0.333661750988293,0.987335769924452,0.841486513837619,-2.46501757667283
"301",-1.89872637789405,0.130266161423638,-0.0805029371559523,-2.05160522835433,2.41220385167001
"302",2.71759923781009,0.265365411786569,0.136436915212653,0.143423129936367,-0.630040247435054
"303",-9.22870117652585,-0.91208358396303,0.211438320273704,-0.204394395182284,-1.34287366650314
"304",-5.54359261094085,-0.475129107276044,0.290530521284601,-0.882056889600167,-1.68893402965973
"305",5.64992389061476,-1.20764041736223,0.440147969194352,2.68599089435104,0.70100801522249
"306",-3.47930253893874,-0.869675427921835,0.551621481037302,0.79052784665957,0.774454601362201
"307",2.75774905261229,0.000639705622736563,0.222295603541468,-0.562567095437833,2.06450645742317
"308",-5.84183811661546,-0.968763540550325,1.64156148197564,-1.19696477819032,-0.220038525211343
"309",20.4906434546316,-2.15901567284206,-0.330497551640502,-3.62058419065242,0.0845369759756993
"310",19.5726940037425,2.41487721331087,0.395613206926317,0.283946283645452,-1.73139295334843
"311",6.73452891435348,0.505720288235125,0.828117779723055,0.0576873639322996,0.226808249101338
"312",16.2185200726006,0.228677163016551,1.93714965510345,-0.305469831070521,1.89842198639853
"313",-2.59403505898809,-0.635497117804207,0.770536937724752,0.894785051444767,2.53067548661756
"314",4.00687552922041,0.771796059809304,-0.284077931627409,0.35268166545533,2.0963244881945
"315",9.1493738386973,-1.12237499476317,0.450649919584304,-2.25994243122783,0.718360636936345
"316",-4.76230323053,-0.78672277038055,0.534478697471482,-1.41757791736404,-1.60890468729497
"317",-1.04177435454778,0.65887582417891,-1.40477726131989,1.61100817358585,2.77942035269166
"318",-3.91505038356026,-0.983422256699043,-0.540857998302823,1.31745676368795,-2.49658003925044
"319",0.858256613882134,0.215310369710037,-0.328360485982348,-0.654471334504573,0.27904591790222
"320",-5.31927664808479,0.562503059133725,-0.0925451782780206,-3.07963380603954,-0.270749051386823
"321",0.99073574317005,-0.107487845320771,-0.386442238349676,-0.550220955720504,-0.430762957189772
"322",-1.86831238506931,-0.25949984544929,-0.0177553885436777,0.895027129598591,0.217478867234788
"323",-4.30095041409826,0.157260874641487,0.40789858501127,1.82093533505801,3.70364237832193
"324",1.50608535630958,-0.434794545468021,0.840482788882267,-0.524993456265236,0.873769824010265
"325",-1.71050208926077,-0.279658435206041,0.507825029108325,0.610284559023722,-0.0396333981360521
"326",1.03568746302438,-0.632356565887624,1.01465949647765,1.84283807820957,0.124600136590175
"327",-3.8174308538803,-0.318963086211044,0.0178141780309115,0.0155863361089213,-0.225383565830433
"328",-14.0447404386705,-0.5937337523454,1.49677216986171,0.642418609101674,-0.985287231314439
"329",7.83190394482206,-1.46837256919164,1.82276423548997,1.39176098231698,1.90807279236347
"330",15.8839736146852,1.28373976770617,0.441695164955591,0.337386382308649,1.77858296320637
"331",14.0193843665495,1.51957487542845,-0.128373278057386,0.288948889934229,-2.85795892539246
"332",1.73929857267696,1.28250365915304,0.132995970443887,1.54058225253533,-0.898803394816633
"333",-11.7978179014734,-0.513839899471878,1.55445355967838,-0.579119350837205,-1.99584328620468
"334",0.913084643150041,-0.746911793921831,1.70907002467694,0.0592518546020101,0.679999169624689
"335",1.15793561309892,-0.0131797590148016,-1.52023077324584,1.47110445879892,-0.0782607392157623
"336",9.31420282072992,-1.33027006042624,-1.53651571785225,1.90854736899903,-0.747294812232505
"337",-14.7554502069846,-1.1472580994435,-0.304027880832203,0.0947747403737641,-3.40740493316004
"338",-10.4936579582217,-1.22997961159284,0.0579260235427177,-0.454524424439071,-0.474654278342845
"339",7.95198932088761,-0.403079706315249,-1.61369171858222,3.2846800196969,-0.76094022720085
"340",2.33283206946253,0.903811671314984,0.743951566356381,0.846297314357414,-0.589205236505358
"341",-11.3976456561469,1.7432437583409,2.38541437940513,-1.60569596923964,-0.563666858021694
"342",7.81488442865786,0.644051968772134,-0.980867018481842,-1.08225869387704,-1.51994513259378
"343",6.9019782658702,0.416926801473533,0.511706921379089,0.908461937029097,2.0008951638109
"344",-7.09372879362229,0.374696976925593,-0.983487641328295,-2.29202128878335,0.535522305624753
"345",2.02875608247371,0.514373258978533,-0.365963164520667,-1.49209809602244,-1.62268528283618
"346",-2.78677042401935,0.0165222879474209,-1.16584667763161,0.721560056741566,2.59158364559686
"347",4.67835742530645,1.06063505321118,-0.924365783716593,0.203452102150081,-3.03835203524859
"348",14.9877699737505,1.89344493865451,0.533278578453056,0.900749103815966,2.19110647259569
"349",-4.08229424473988,-1.42127765788834,-1.13574210401315,0.809621070026411,-0.742047232433049
"350",-2.9346248780882,1.45328701512298,-0.24404502637051,-1.71918699218438,0.821430317832701
"351",2.86163165849747,0.625081987896249,1.36323798204294,1.190699916471,2.69908172062202
"352",-18.2786240727667,-2.26584072719067,0.0263785667121275,0.694276947717325,-0.220699201578973
"353",-0.561349015399087,1.10364143792458,-1.82269224663615,-0.458937967424627,0.805029926946147
"354",7.04536311972847,0.731655926288563,-1.15102305654773,1.66223354193965,-0.902066542022371
"355",2.12079691694485,1.5156682153916,-2.62422376855821,-4.03442910860316,-0.851507846927015
"356",5.60456817092471,0.794073336795254,-0.323606659694438,0.411359903736585,1.63604060244318
"357",-0.340782078714415,-0.162047842363915,0.274906816482775,0.960020630735248,1.11150768125319
"358",4.51352625516651,0.19068340487187,0.937427410632618,0.213131407628176,2.68680309799293
"359",3.37952463309587,0.866478559562679,-0.257486385457345,1.67445096601443,-0.807080153145865
"360",-2.36347791146174,0.136388723646235,-0.565308784889248,-2.37083822777059,0.080956694926812
"361",9.60218752940281,0.352529588174641,1.51248148937315,2.04799108106081,1.13521571895758
"362",-4.57330343781775,-0.653504612862359,-0.195509048122778,-0.452843514341587,0.0992009767937975
"363",-9.1372086018339,-0.36296990843096,-0.880909747451062,0.969415560369049,0.889665377643121
"364",-7.04488103257506,0.00417245567206055,1.25951988581925,4.00583182775945,3.39410104140578
"365",-5.57379294975032,-1.01369176221693,0.140283610467019,0.786482042904168,1.34619606170436
"366",-2.05268139778858,-0.529562024124591,0.84201915481976,-1.5721801268252,-2.27195244790968
"367",1.09377415015721,0.0204656323606646,-0.367231938947594,0.597223568439327,-2.28159875305575
"368",12.2265392922427,-0.911321030376429,1.16783261609922,-1.08963297868277,-3.58137352250704
"369",-5.56877104194768,-0.531077920744449,-0.0281360751353666,-0.200968474758323,0.740188209788921
"370",0.91563353337825,-0.656138454549982,0.208488422365372,-1.63927484911168,0.188361013494596
"371",0.125242964304784,0.333935774744721,0.404479905633963,2.57936338723491,0.386643004281068
"372",3.95759563612538,0.122823097413219,-0.919287863973087,0.511386792823146,-0.332635223038853
"373",7.6650682847099,0.907958752770495,-0.508309488215218,-0.128919450434794,-2.5258652384314
"374",21.4345641911822,1.24698557142504,1.59286973764198,-0.510587052735226,1.72302222952688
"375",2.80372210683255,0.436989786174449,0.0426386262314754,0.984693256060858,-1.4521524734588
"376",8.9786952355361,0.397359585343915,0.85498477050523,-0.179056764747966,1.82016476172377
"377",9.44068212541673,1.93752256570667,0.452161767727093,-0.882356237426981,-0.604607590301644
"378",-4.92256179106806,-0.223877455519311,-0.630978229754989,-1.05014857303591,0.675997389198571
"379",0.935480233532489,0.0663340721645333,-0.0644408864983351,0.14374023857983,1.45861440576769
"380",-0.52122041310209,-0.878623353504768,0.945149482854573,-1.2809157175537,0.283719489140072
"381",-2.60980669855437,-0.401952506522573,-0.653471741675086,3.08135738451876,0.217526826762807
"382",0.0716521275651134,0.0623269001357362,-0.00816735476651357,-0.694145684593819,1.52939214046836
"383",1.98776003039595,0.222880095783907,-0.049887933229135,0.432864453695685,0.18747491375
"384",-10.0693885282983,0.261459204498684,-1.19205582861024,2.34243164873427,1.83958549172603
"385",-1.03117055023266,0.0702746002915748,0.450349872890873,0.287208860156496,-0.661819495961996
"386",3.30282773608938,0.0567263214828866,-1.13574226067486,3.15992196331615,-0.448858987646893
"387",7.91082657999905,-1.35680410976838,-1.57639333056318,1.64153300001205,-0.991971791333462
"388",4.55808444842083,0.874226493872869,0.503649542756254,0.801037350794175,0.0818319037901785
"389",6.72686720509412,0.61932511911382,0.345104119570095,0.369600371577535,-0.0405217585314827
"390",2.80581596402562,-0.443242047451127,0.414033035013329,-2.73178350542226,-1.30003027256107
"391",5.64972235614914,0.597989601416539,0.302871949363038,0.717483389955068,0.334346819100354
"392",3.37799172903096,0.165510914181204,-0.473337117317432,-1.70240414369692,-0.789361256411076
"393",-2.10428807758317,-0.434068818800567,-0.8720990279771,-2.31144073361184,1.16774698314951
"394",5.92784534532097,-0.996442140087358,-0.596888924276382,-2.49033909483654,0.645489079184345
"395",6.67944745064245,0.878248827216698,0.839426800567313,0.822307613164564,0.0953671102467876
"396",0.118838113061791,-0.82783984096161,0.289610367130335,-1.1752811675614,-3.66313730587206
"397",-0.737698643549498,0.304614461733061,-0.262284839196845,-1.72959760865376,-0.266380479531943
"398",-17.9353663280601,-1.89212078107891,-0.434936217298177,0.00324322330430052,0.0737167553706993
"399",3.71835199547277,-0.320178657687021,-0.749842149434119,-1.01674064459316,-1.96164552709627
"400",-6.79914588366684,-1.68516572897806,-1.80066825879666,0.426161514155416,-0.593296000899961
"401",-0.820760617941335,-0.305039302815616,-0.132490566829671,-0.72050295079557,0.0721089663357451
"402",9.87695400867804,0.212601102934443,2.00242116154806,-0.964397447259637,0.537745160151092
"403",11.7870766239449,-1.48483660677421,0.161749478470965,-2.50318979472738,-2.22441585458501
"404",-1.30716922988226,0.554427223067239,0.947398893574353,-0.866228562134026,-1.88483972890154
"405",7.67373414757916,-0.987519147039015,-1.25953808547473,-3.22734196228126,0.238233846806713
"406",2.65848933638803,0.163612181652995,-0.344080667595393,0.51862058051865,-0.346751146239508
"407",0.888148798164351,-0.3612572025416,0.896106005996257,0.795373230365867,2.51801468817994
"408",-0.804279859931053,-0.462940297363802,-0.246857605736802,-1.16139339275869,0.202866164227622
"409",0.0291941065799317,0.767854165224124,-0.0203566354783223,-1.39544116444178,1.15246852263644
"410",-0.851061867456862,-1.80187932933975,-0.695140959649585,-1.31522031677634,-1.69036222457741
"411",-9.49770218362877,-0.674678189525423,1.108336370232,-0.728580723047882,-0.44526605982582
"412",-31.0268539566644,0.218129758881972,2.5246442533041,-1.69248142094729,3.81925816257813
"413",-6.40801217907198,-0.835160752844516,-0.113716285678031,0.838898062226495,-2.39796014906578
"414",-12.5058815447723,-1.43651482925457,-1.09899038075952,0.539542861490773,0.0539806008296738
"415",-7.33629546443491,-0.855840414589754,-0.238677878406911,0.468223569838878,-0.907875483761628
"416",12.3256861595018,1.77818041035582,0.452449167470292,0.241534775894364,3.57519808905753
"417",-5.10903651294843,-1.42604251031953,0.533613564769041,1.33554957100582,2.8743390831382
"418",5.20293092213504,1.82940299272798,-0.373149030094741,-1.3323680988,-0.408686473936178
"419",-0.172576330624038,-0.323948823154621,0.681893135476054,-0.68347229268086,0.257146683634267
"420",1.08337913323931,0.311900125208246,0.143518799525127,-1.22335732431893,0.199293126355312
"421",2.83531259175609,0.721199146007702,-1.09621163091537,-1.01574277148282,0.112152580659861
"422",-3.06964510793026,1.19614978174979,-0.584893500306542,-2.07524565985807,-2.15307008409387
"423",2.68362696131368,-0.725851070317476,-1.92275030916136,-0.138919586648874,-0.601322151488087
"424",-1.97028180231994,-0.224607221039668,0.692515507726475,-1.1279187499447,-0.0733489146146558
"425",-3.5228800023348,-0.162715598718412,0.825843810911744,0.140323846463221,-2.1712705639106
"426",14.6477279181177,1.38707103031527,-0.858596086444746,0.79355334588223,-2.03283292605207
"427",18.0016739040932,1.36731983336654,1.58614896370665,-0.358800725761242,-2.93566125241402
"428",-9.93868401215107,1.2074295491021,-1.13076878774498,2.75171948247822,0.964966741912972
"429",0.542313066636213,-0.433623564270771,0.368813112221511,-2.036883825486,0.0231387395780061
"430",0.133260575517164,-0.171635244406717,0.337100553985522,0.967982628698831,1.22304714020069
"431",16.1752577528925,1.88288790484113,0.0588670669932177,-0.329386521480576,1.79210796007299
"432",-5.57634070915587,-0.871328058465693,-1.10132160384584,-1.89270797583682,1.41858885313364
"433",4.96809844674643,0.686792704351806,0.143416595987228,-0.286532815502868,-1.23485092670085
"434",-2.80956607483101,-1.06728103507239,-0.737405349527975,-0.254422276673457,-1.5297036655077
"435",-2.69042358945981,2.50660621496634,1.19630215433332,-1.41199745268038,-0.678863911912206
"436",10.9266215992715,1.17333736209039,0.475329568270393,-1.01776749222067,2.02340951937419
"437",-14.4556606197335,0.353123323832465,1.10867752655156,0.140324452384558,4.2324214590188
"438",-10.1241773994999,0.206808016604845,1.58458026543267,-1.4205219487839,3.42775845044085
"439",8.68032406378139,0.530238198918078,-0.83690029557063,-0.507593312172944,-1.60305704278177
"440",-2.62034790809124,-1.31422443342711,1.01657480832063,-0.77494989516053,0.769335312767829
"441",-4.50019837342338,-1.07809966692207,0.392385963720439,-0.958003966051064,2.14986922949707
"442",-8.4610151509218,-0.513179841877437,0.636419739090413,0.760480852349533,-1.14000886163247
"443",-0.563231554243531,-0.666642226351749,-0.326867286211142,1.83467579476689,0.177179231716454
"444",-3.79784183245222,-1.29684784525021,1.07058871326553,-0.177489227801328,1.6601519589526
"445",28.4717689800364,1.9699884834866,-1.7756721455983,0.209476709822535,-0.903438693304868
"446",24.0189707986453,2.3017343237688,0.463859804585156,0.431911172735961,1.05759660387877
"447",-5.50688879138132,-0.39849014075864,0.489255473745798,-0.796960102192072,-0.814690094511882
"448",-8.21133436579758,-1.95552925669562,1.14303519983676,1.10509624489084,2.65960369675721
"449",1.18167527823303,0.425008448805064,0.618125796456812,-1.6914043821822,2.61351667401128
"450",16.8477545325936,1.55413332348871,-0.48067937192348,0.327713585508493,-0.642773219543949
"451",-3.29233426101325,0.342754419642957,0.183573064705243,-2.01097936642279,-0.796934131910781
"452",-14.2058309036737,-2.79159858382549,-0.571331755167182,1.00694108939068,-0.641168204966217
"453",-3.48021413752474,-0.901844774280107,-1.97967144660696,-1.55327543449085,0.145123954093059
"454",4.90154133152854,0.436381333861406,0.108820910373695,0.4000972406764,0.0607809571761559
"455",3.73457396643728,-0.00746238086088704,-0.445675143239789,2.03205250952807,-1.10132545431053
"456",15.2237978067926,1.66759327452018,2.08294301407428,0.203946394850323,-0.0378009290724715
"457",0.886624022108823,0.467346016384872,-0.208263828757855,-1.12016372652794,1.50697833262328
"458",-12.1821427036676,1.33453439806202,-1.2533439028868,-2.35948178234344,0.169422649673172
"459",3.04256073017084,0.16599718889007,-1.16349053759213,1.96839676290973,-0.323262769055363
"460",12.0937190145085,0.849032071197816,0.582676622518988,0.00468971370209661,2.07685072303255
"461",4.28692071406116,0.517696830614538,-0.238573624592116,-0.747594526263356,-0.692149179714259
"462",11.2778751015512,0.067831245139019,1.51886031729412,1.17811479451328,1.51702096565604
"463",-28.3452658352394,-1.47609108432657,-2.42793500439737,0.880805956726844,1.55321879507
"464",7.60551101374541,0.628186338483471,1.40318451316418,-0.940140571811578,-2.79951645602451
"465",-5.84883256698846,1.81361067269555,0.0330380531200242,-1.80127274636367,0.667943176001947
"466",3.78363138999101,0.366994826629399,1.01092172800181,-2.72745746241162,1.37336708925128
"467",-0.902188007116199,0.648677812218007,0.597347415162349,1.25363756035151,-1.23461193178722
"468",1.81771824443064,0.0792372031007922,-0.0110626251940329,-0.275353457794069,-3.27411463453156
"469",1.42699231370883,-0.879322721272641,-0.20866369213335,-1.77735627157339,2.79581889221713
"470",-11.9232386958627,-1.04742586274457,0.445419724504156,-0.488039541524713,-1.13200667555165
"471",10.2325042602233,1.53888001500305,0.372600028612398,1.02822455261983,0.230868491242129
"472",3.90952822756547,-0.0115500440186755,1.40311980647523,-0.311872179568887,0.390186482228638
"473",-2.30350632734106,-0.209351778150201,0.0495038332655019,0.83810006648016,-1.39780562152186
"474",0.304512893757291,-0.428881254647027,-0.300323428733783,-1.00561516457024,-0.671717209219764
"475",-22.9280984651057,-0.368732638591807,-1.43830226157752,-1.22490768626434,-3.67377347123769
"476",-4.14748733983207,-1.06347131884003,0.60203226204342,-0.47782209954894,1.64195377635629
"477",-3.55221288669273,-0.396576349305196,1.09032049663663,1.11311632661355,-0.109347626465048
"478",-12.9997046538189,0.0862648404400349,-1.75496358768439,0.85966949650134,1.29984072131499
"479",-5.17725536177009,-0.546627515313261,0.25944579051995,-0.902662512648269,-2.00337575632217
"480",-2.61679525926196,-1.22495403855995,-0.839729446433394,-0.93673610808399,3.3402795301142
"481",12.7155508885786,2.12510609070524,0.511855466939931,0.993942993470101,0.0352994605242034
"482",7.26014680084968,-0.434007511955183,0.566479210551213,-2.67472134872449,1.09307242358037
"483",3.52876004127452,-0.577236359716579,-0.451829202981671,-1.71040249053845,-1.44408235993366
"484",-13.5672373015766,-1.02447123342705,0.620318744570575,0.215471546179522,-1.35393987005012
"485",-1.72073176735831,0.478812354380947,0.912787001608334,0.683773953223112,-0.660032554679607
"486",1.49098178611493,0.339917214127553,0.100091982807424,0.726516606180362,-0.84940207519358
"487",-12.3593567618023,1.19599408793742,0.32852405018998,-3.08619073202607,-0.0541746585033266
"488",-5.12650337790705,-0.813125898782746,0.333728906206035,0.587196635539379,2.11060069492796
"489",19.7788385770755,-2.68804463599268,-1.27187542994895,-2.50393886521792,0.168058448050369
"490",14.2980531204124,0.675947659224214,1.78506611256168,-1.12433976833324,1.16146682226515
"491",-11.6274593211112,-1.96796670592376,0.346692749577616,1.16796522561979,-0.139520817431183
"492",-2.28196821967264,-1.07015454519019,0.328472153408172,1.59641812809568,-0.444392240475861
"493",6.67627035551742,-0.7488136908632,2.0180968009295,-2.32809339380422,0.130943711538421
"494",-1.30706958084601,1.14142286684522,1.66628302595518,1.23506805006161,-0.489964213437846
"495",-6.10852640843883,-0.635291055311754,0.959312363852118,-0.0440534769055387,-0.0662160565617534
"496",-1.9982253327184,1.53210485342238,-1.4148387896516,1.11533131599693,1.18570779988882
"497",6.75602002861785,-0.120985606975437,-1.10070375993421,1.03306295136609,-1.73276214519688
"498",-15.82029023846,-1.9858755816493,0.466847229915438,-0.720990698113938,-0.502928889808189
"499",-10.4433865553786,-0.45715413005036,-1.42692179442302,1.71412353041083,1.76758017337712
"500",7.01312707399175,0.480396292972574,-1.94104219762417,-0.29093365197578,-0.165785256487857
"501",-4.4457948801975,-2.38063258126697,0.0753173925432643,1.52880343780476,1.85632700605097
"502",10.6983068818295,1.53385981824671,-0.682355679069815,0.564535569385461,-2.91150091645542
"503",-7.31898994210813,0.0284822363492873,1.2545208646428,1.82895953855988,-0.807906040768772
"504",9.18278285062295,-0.777851625943663,0.135195026743351,-3.29402869934383,0.116357932062882
"505",9.90714006711929,0.747441672430299,0.639153918970889,0.0789534326316794,1.94957062894734
"506",5.77267242018208,0.799731867035461,-0.993321165046929,0.959367790438532,-0.174359849092255
"507",0.836079530501474,-0.0102569601092952,0.717431951969616,-0.383606667660575,0.103516281103138
"508",-1.12694277195251,-0.321333511457572,-2.51299066616137,2.64911167756877,0.0804474720297257
"509",0.419591174143784,0.341326371318622,-0.491892363127601,0.0658198295219873,1.87429632567088
"510",-8.94441692426513,-1.05496414823317,-0.360236749167525,-0.431989363965087,0.372189604417013
"511",2.1418640573936,0.297893308540645,-0.388340910163623,0.955823474458712,-0.122211160777007
"512",-7.78808681717409,-0.45964765149734,-1.49086567572931,0.920297269183235,-2.82039975429625
"513",2.40623216086294,0.685130340271986,-1.3321965271687,-3.55971935795356,-1.11141842720024
"514",4.33903740477828,1.1426126975992,0.917673184317652,0.508830850981608,-1.07817745883578
"515",3.36252141444379,0.104141444619419,-1.12685299232523,0.182052141370752,-0.182288914675144
"516",-1.93141494994312,0.0748895536111375,-0.217482311181135,-1.50869894949736,-3.34807976716041
"517",13.152487653274,1.46836228943131,-0.0241220343037678,0.233170851043121,-0.184992250625956
"518",15.7139759863358,2.63063046602552,1.73720863111464,0.96813048875302,-0.0975791966672968
"519",2.10637420755375,0.467826267037845,-0.0502807143401942,0.952397555455564,2.48995728700053
"520",0.687954306713226,-0.480627597584012,1.90289924076776,-1.51866838285653,0.0572053638085806
"521",-2.07413803905662,-0.892500241243338,-1.34118951917947,-1.81383157794416,2.5753525135624
"522",4.52692003650352,-0.503242791380609,-0.444480334966888,-3.18471865907624,-0.145526285920684
"523",0.349637182119925,-0.10964831948583,0.209562376839854,0.9909335557785,1.36501692532282
"524",9.90396600683617,1.45853413849001,-0.899883841359313,-0.494102795646218,0.328054286352828
"525",3.27061948398382,0.292641174234798,-0.196246823126064,-0.827638598734319,-0.679647032570458
"526",-7.77806734330934,0.518800671624862,-0.577193351117099,-2.18270928495781,1.31552440917393
"527",0.149862489084431,0.163671611419389,-0.0122824490715655,0.550385623290634,0.711865893384949
"528",-0.781716685298897,1.87896542395927,-0.117536617651354,2.81145749034302,-0.344949617014554
"529",-0.761841814153322,0.469824236829647,-0.504970869493352,2.87811218798228,0.173880328224242
"530",-4.15244410956449,0.548628049671649,-1.13255891706917,1.600146551287,0.767740781471507
"531",10.0677063969589,1.14981948033841,0.0215220282951939,0.24348930390294,2.34807670954293
"532",4.92422513365095,0.540479004896282,-0.343408386626434,0.337973761486613,0.585152445849282
"533",-17.3674496357672,-1.01428467633278,-1.49394415657033,-0.153964463884703,0.861321042196014
"534",-6.85050936778646,-0.829326159737728,0.698140049303695,0.252268859895679,-0.0273563425740391
"535",-1.37139568457967,0.440901420121979,-0.552581442805287,0.35537378314128,1.75630547367973
"536",-1.33607428499133,1.79022730777842,1.3902796570163,-2.31311797775944,1.48867113011118
"537",1.02428657021693,-0.0139211628775785,-1.39519791280893,0.945321870213432,-0.190524817669889
"538",2.6560603339746,1.36794044701138,1.00838960869715,-0.603003427099253,-1.62199375090664
"539",-2.65671010860357,0.483065626604098,-0.205770679814781,-2.12724678903766,-0.95279674056403
"540",2.22785534206738,0.450603118073239,0.146268827032977,-0.633247461778236,0.988277170847926
"541",1.751907249192,0.677151961182172,-0.270013160793832,-1.5054572205341,-0.767448432100994
"542",15.0324867557445,0.94152513335181,2.00182947664446,-0.607052186570332,2.4440786410306
"543",4.403226384483,1.18531287539659,-0.130333312866857,-1.10842698147365,-0.235872125309757
"544",21.7734556457401,1.30623294243637,-2.10130126000498,-0.313988666029877,-2.08945749011908
"545",-11.5731808936031,-1.14497989189416,-0.718472586121232,0.952851200367511,0.943532351741283
"546",-1.00052103829023,-0.202302610514733,-0.720124029233185,-1.27966890728607,0.0386466240442992
"547",6.96125897035345,0.766383165542376,-0.0313508178395017,0.147445553110557,-0.323373303639263
"548",-2.41593825805127,1.17593012881714,0.198817818473303,2.16656744150896,0.125135814498402
"549",-1.33030419461199,0.197736624366461,1.56681881979397,0.214634529661737,-0.198538131933178
"550",-1.45143593377126,0.128442400812169,-1.25617660894863,0.926151383864997,2.74138096416451
"551",-2.56857943379865,0.701125083224407,-0.638412515271492,1.41262165022674,2.22390753908862
"552",0.730002367301774,0.492359716617011,2.33270019664905,3.60208749312096,-0.152575949368672
"553",1.1998890711248,0.723804708242678,-0.315441995985655,2.33083542960859,-1.36111037910437
"554",-10.0629446562294,-1.69092492300943,0.50799614249766,-0.734480939058842,0.915595813119014
"555",4.80578621223954,0.194537199659939,0.747560302262082,-1.99831731845305,1.43030192140765
"556",-2.83861669195777,-0.83828941887733,-0.71150069923001,1.1888763381994,-0.131507315163155
"557",-9.09973718774392,0.372453365174078,1.57702398778766,2.40455674605441,-0.787373799695363
"558",-3.12807193606527,-1.73185690189252,-0.147418331920929,-1.25943133253119,-1.34297163730391
"559",-1.49397435927046,-0.531236929211113,-0.0469264249604151,-1.39143969788562,0.610761133461069
"560",-16.3736506952913,-1.92069813087,1.00350422369744,0.84231499831393,-0.181822594964067
"561",0.17767268140432,0.879509717394625,-0.0822937548200594,-1.60607272462353,-0.766350759229541
"562",-13.6507186104567,0.130440437162482,2.39039168928327,-0.55903296939453,-0.864175963431502
"563",9.95871484876272,1.23471957615217,-0.247050699159957,0.430266217255936,1.48329781522
"564",-0.673713374326085,0.571952565286984,0.696701814550891,-1.28644561224357,-0.313364099174689
"565",-6.76000794724705,-1.05837782209988,-0.61360207783828,3.45859848783011,0.0920859931498073
"566",3.92635467782606,0.345924314633735,0.48309980178976,1.52287581819858,1.49356425875379
"567",1.59089471801293,-0.917239424936003,0.908534999470137,-1.5692043011484,0.173849061732748
"568",4.43661603190721,0.654724120335455,-1.75343077754892,-0.046375768365672,0.125601703114766
"569",13.7320793050127,0.199078865081107,1.87560249510472,-0.223767776447833,0.818365437814492
"570",-8.89328888489152,-0.548459154078265,-1.16201192792719,0.844422125692488,0.599256279128193
"571",4.77580961196341,0.224698159525261,-1.9940259637075,0.690740851798968,-0.165009637911733
"572",-1.00689638921471,0.655471461496928,-0.0454941869266322,3.06392402743458,1.38590356381552
"573",-1.17312971425193,-0.879656409835737,1.37861347657482,-0.239047087024738,0.69731778701452
"574",-8.93045132513755,0.453823232289542,-1.56764388766257,-1.00879446439042,2.0075954573652
"575",3.86384186187421,1.16323310651104,0.352543186538072,-1.45609626845415,1.42073710735837
"576",-5.07150070338787,-0.864533188747039,0.490465283933403,0.13554560792378,0.998796979742519
"577",7.52193294102779,0.415086608879062,0.914034490170415,0.0819067562878433,0.420667595179533
"578",13.444828863831,1.13360437412977,-0.673453428544425,-0.740854817703343,-1.51911372761938
"579",-3.73953640130709,0.28050238398183,-0.725299690611473,-2.86086173039895,0.104486305540526
"580",-13.3226967622125,-1.87606797980166,0.0781963289388142,0.84775276018954,-0.987881431788502
"581",-16.0411137464974,-2.05818297973984,0.334389174685733,-0.368160516887311,0.349913699557406
"582",2.74325436372463,0.0752100591118913,1.20899754424013,-1.06073945004919,2.68732843758296
"583",21.5407489107577,1.53927213713642,-0.999124885642613,0.0341192379668222,-1.69748704202207
"584",0.374658093551458,-0.995245387046514,0.364594687182984,1.8964168487576,0.210341205083442
"585",1.69545043645726,0.316204881269496,-0.425592699129314,1.22181811743449,-0.0495369641682492
"586",-7.70670620972386,-0.931390197310129,-0.0988738278189973,-0.622810042407349,0.134589206195033
"587",-11.7284042677814,-2.74943307340604,-0.404191790974045,-1.18660544130968,0.954920503350949
"588",19.2816878914923,1.34172742314068,1.60640877327259,0.0278783823318434,0.486705178201288
"589",2.20406721437253,0.178481103841275,-0.807464875673164,0.24343892342247,-0.1296467889818
"590",3.57255311576754,0.422890714902705,0.114447650990081,0.411647251540097,0.202602237939943
"591",0.411857606061068,0.0087218246666815,-0.0599713321749793,-0.091602778522435,-1.27644301338484
"592",-4.26441086889782,-0.772661416696985,-0.811867232527532,-1.09864040581308,0.224981412634854
"593",-1.79324409716815,-0.556831108582939,-0.717351980869286,-1.01326603673793,-2.50499060563302
"594",-4.831484114573,-0.143519446202728,0.498658590537466,-0.835980702787406,-0.813452079847332
"595",15.4916496345403,0.608533768793288,1.52765629063756,-0.668424023546494,0.982685465003015
"596",8.22263716421799,2.81462344197159,-1.83861350977416,0.777503483539381,1.17938482909571
"597",-10.2649689323857,-0.165731040910353,-1.19577400147539,-0.0726586254373257,1.33222791075391
"598",9.84149986280239,0.500970663163216,0.713376334775256,0.0531166019599906,0.842125248335364
"599",1.17865624331817,0.319496817892133,0.288509291800552,0.380578593278605,-1.04299580926628
"600",11.2125072865619,0.457436779268852,-1.98213811704057,-0.615068690832687,-0.589336865808577
